Seed,Size,Model,Accuracy,Precision,Recall,F1,AUROC
0,0,F. Autoencoder-only anomaly detector (unsupervised),0.5666666666666667,0.7,0.23333333333333334,0.35,0.7522222222222221
0,50,A. Classical SVM (all features),0.7333333333333333,0.6521739130434783,1.0,0.7894736842105263,0.8055555555555556
0,50,B. Random Forest (all features),0.75,0.6829268292682927,0.9333333333333333,0.7887323943661971,0.8861111111111111
0,50,D. Classical SVM on autoencoder features,0.7166666666666667,0.6382978723404256,1.0,0.7792207792207793,0.6544444444444445
0,100,A. Classical SVM (all features),0.75,0.6666666666666666,1.0,0.8,0.8822222222222222
0,100,B. Random Forest (all features),0.8,0.7142857142857143,1.0,0.8333333333333334,0.9255555555555555
0,100,D. Classical SVM on autoencoder features,0.7166666666666667,0.6382978723404256,1.0,0.7792207792207793,0.7222222222222222
0,50,C. Quantum kernel SVM on PCA features (QSVC),0.75,0.6829268292682927,0.9333333333333333,0.7887323943661971,0.7766666666666666
0,100,C. Quantum kernel SVM on PCA features (QSVC),0.7666666666666667,0.6818181818181818,1.0,0.8108108108108109,0.8355555555555556
0,50,E. PROPOSED hybrid: Autoencoder + quantum kernel SVM,0.75,0.6744186046511628,0.9666666666666667,0.7945205479452054,0.7166666666666667
0,100,E. PROPOSED hybrid: Autoencoder + quantum kernel SVM,0.75,0.6744186046511628,0.9666666666666667,0.7945205479452054,0.7333333333333334
